state/union_territory,city/town/village,year,so2,no2,pm10,pm2.5
Andhra Pradesh,Amaravati,2021,14.0,12.0,55.0,28.0
Andhra Pradesh,Anatapur,2021,7.0,16.0,64.0,30.0
Andhra Pradesh,Chittor,2021,5.0,14.0,46.0,25.0
Andhra Pradesh,Eluru,2021,5.0,17.0,63.0,30.0
Andhra Pradesh,Guntur,2021,5.0,17.0,60.0,29.0
Andhra Pradesh,Kadapa,2021,5.0,14.0,53.0,26.0
Andhra Pradesh,Kakinada,2021,8.0,14.0,61.0,28.0
Andhra Pradesh,Kurnool,2021,6.0,15.0,58.0,26.0
Andhra Pradesh,Nellore,2021,5.0,17.0,55.0,23.0
Andhra Pradesh,Ongole,2021,5.0,17.0,53.0,18.0
Andhra Pradesh,Rajahmundry,2021,8.0,15.0,72.0,33.0
Andhra Pradesh,Srikakulam,2021,9.0,20.0,77.0,27.0
Andhra Pradesh,Tirupati,2021,6.0,22.0,51.0,27.0
Andhra Pradesh,Vijayawada,2021,5.0,17.0,65.0,34.0
Andhra Pradesh,Visakhapatnam,2021,12.0,35.0,103.0,41.0
Andhra Pradesh,Vizianagaram,2021,9.0,19.0,72.0,27.0
Arunachal Pradesh,Itanagar,2021,3.0,5.0,67.0,19.0
Arunachal Pradesh,Naharlagun,2021,27.0,6.0,54.0,15.0
Assam,Bongaigaon,2021,4.0,11.0,40.0,28.5
Assam,Daranga,2021,6.0,13.0,54.0,28.5
Assam,Dibrugarh,2021,6.0,11.0,39.0,28.5
Assam,Golaghat,2021,6.0,12.0,50.0,28.5
Assam,Guwahati,2021,26.0,11.0,114.0,60.0
Assam,Magherita,2021,6.0,11.0,41.0,28.5
Assam,Nagaon,2021,6.0,14.0,101.0,28.5
Assam,Nalbari,2021,6.0,14.0,92.0,42.0
Assam,North Lakhimpur,2021,6.0,14.0,57.0,28.5
Assam,Silcher,2021,8.0,9.0,46.0,37.0
Assam,Sivasagar,2021,6.0,12.0,47.0,28.5
Assam,Tezpur,2021,6.0,14.0,97.0,28.5
Assam,Tinsukia,2021,6.0,11.0,47.0,28.5
Bihar,Gaya,2021,11.0,14.0,79.0,52.0
Bihar,Hajipur,2021,5.0,11.0,148.0,60.0
Bihar,Muzaffarpur,2021,6.0,13.0,142.0,80.0
Bihar,Patna,2021,8.0,39.0,150.0,73.0
Chandigarh (UT),Chandigarh,2021,6.0,24.0,98.0,49.0
Chattisgarh,Bilaspur,2021,8.0,13.0,71.0,28.0
Chattisgarh,Durg-Bhillainagar,2021,7.0,11.0,61.0,31.0
Chattisgarh,Korba,2021,8.0,18.0,61.0,31.0
Chattisgarh,Raipur,2021,13.0,22.0,62.0,35.0
"Dadara and Nagar Haveli and Daman and Diu (UT), India",Daman,2021,15.0,20.0,84.0,30.0
Delhi (UT),Delhi,2021,10.0,42.0,207.0,107.0
Goa,Amona,2021,7.0,13.0,59.0,27.0
Goa,Assanora,2021,7.0,13.0,58.0,26.0
Goa,Bicholim,2021,8.0,13.0,61.0,28.0
Goa,Codli,2021,7.0,13.0,62.0,28.0
Goa,Cuncolim,2021,6.0,13.0,67.0,32.0
Goa,Honda,2021,7.0,13.0,61.0,28.0
Goa,Kundaim,2021,7.0,13.0,62.0,28.0
Goa,Mapusa,2021,2.0,16.0,57.0,24.0
Goa,Margao,2021,7.0,13.0,59.0,27.0
Goa,Panaji,2021,2.0,15.0,73.0,26.0
Goa,Ponda,2021,8.0,13.0,63.0,28.0
Goa,Sanguem,2021,7.0,13.0,60.0,28.0
Goa,Tilamol,2021,7.0,13.0,62.0,29.0
Goa,Tuem,2021,7.0,13.0,59.0,27.0
Goa,Usgao-Pale,2021,8.0,13.0,64.0,29.0
Goa,Vasco,2021,2.0,15.0,58.0,32.0
Gujara,Saraspur,2021,13.0,17.0,120.0,27.0
Gujarat,Ahmedabad,2021,17.0,34.0,123.0,46.0
Gujarat,Ankleshwar,2021,40.0,26.0,120.0,63.0
Gujarat,Gandhinagar,2021,9.0,15.0,78.0,40.0
Gujarat,Jamnagar,2021,14.0,18.0,116.0,28.0
Gujarat,Nandesari,2021,6.0,8.0,72.0,51.0
Gujarat,Navarangpur,2021,12.0,16.0,97.0,23.0
Gujarat,Rajkot,2021,14.0,18.0,118.0,30.0
Gujarat,Surat,2021,20.0,24.0,100.0,35.0
Gujarat,Vadodara,2021,15.0,19.0,111.0,30.0
Gujarat,Vapi,2021,16.0,24.0,114.0,51.0
Gujarat,Vatva,2021,28.0,68.0,160.0,67.0
Haryana,Ambala,2021,9.0,21.0,122.0,62.0
Haryana,Ballabgarh,2021,9.0,35.0,165.0,82.0
Haryana,Bhiwani,2021,13.0,23.0,135.0,50.0
Haryana,Charkhi Dadri,2021,5.0,28.0,156.0,79.0
Haryana,Dharuhera,2021,18.0,26.0,187.0,77.0
Haryana,Faridabad,2021,10.0,35.0,230.0,98.0
Haryana,Fatehabad,2021,10.0,22.0,153.0,61.0
Haryana,Gurgaon,2021,6.0,20.0,174.0,93.0
Haryana,Hissar,2021,12.0,30.0,162.0,92.0
Haryana,Jind,2021,10.0,24.0,145.0,88.0
Haryana,Kaithal,2021,21.0,17.0,144.0,58.0
Haryana,Karnal,2021,26.0,20.0,119.0,60.0
Haryana,Kurukshetra,2021,10.0,29.0,142.0,69.0
Haryana,Mandikhera,2021,15.0,21.0,92.0,52.0
Haryana,Manesar,2021,8.0,9.0,164.0,96.0
Haryana,Narnaul,2021,7.0,25.0,175.0,69.0
Haryana,Palwal,2021,10.0,11.0,127.0,37.0
Haryana,Panipat,2021,39.0,15.0,196.0,61.0
Haryana,Sirsa,2021,15.0,26.0,129.0,57.0
Haryana,Sonepat,2021,9.0,24.0,319.0,55.0
Haryana,Yamuna Nagar,2021,7.0,24.0,166.0,79.0
Himachal Pradesh,Baddi,2021,2.0,13.0,139.0,45.0
Himachal Pradesh,Damtal,2021,2.0,5.0,67.0,33.0
Himachal Pradesh,Dharamshala,2021,2.0,5.0,42.0,22.0
Himachal Pradesh,Kala Amb,2021,4.0,15.0,118.0,51.0
Himachal Pradesh,Manali,2021,2.0,7.0,41.0,13.0
Himachal Pradesh,Nalagarh,2021,2.0,12.0,92.0,29.0
Himachal Pradesh,Parwanoo,2021,2.0,5.0,38.0,11.0
Himachal Pradesh,Poanta Sahib,2021,3.0,13.0,90.0,44.0
Himachal Pradesh,Shimla,2021,2.0,6.0,58.0,22.0
Himachal Pradesh,Sunder Nagar,2021,2.0,5.0,52.0,23.0
Himachal Pradesh,Una,2021,2.0,7.0,53.0,20.0
Jammu & Kashmir (UT),Jammu,2021,3.0,20.0,172.0,31.0
Jammu & Kashmir (UT),Pulwama (K),2021,5.0,15.0,128.0,30.5
Jammu & Kashmir (UT),Srinagar (K),2021,10.0,14.0,97.0,32.0
Jharkhand,Barajamda,2021,15.0,20.0,72.0,86.5
Jharkhand,Dhanbad,2021,13.0,35.0,247.0,86.5
Jharkhand,Jamshedpur,2021,35.0,44.0,112.0,86.5
Jharkhand,Jharia,2021,14.0,36.0,314.0,86.5
Jharkhand,Jorapokhar,2021,23.0,7.0,97.0,86.5
Jharkhand,Ranchi,2021,18.0,36.0,110.0,105.0
Jharkhand,Saraikela,2021,36.0,44.0,115.0,86.5
Jharkhand,Sindri,2021,14.0,35.0,179.0,86.5
Karnataka,Bagalkote,2021,7.0,11.0,41.0,21.0
Karnataka,Bangalore,2021,5.0,21.0,67.0,31.0
Karnataka,Belgaum,2021,2.0,11.0,81.0,25.0
Karnataka,Bidar,2021,26.0,7.0,71.0,39.0
Karnataka,Bijapur / Vijayapura,2021,5.0,11.0,50.0,23.0
Karnataka,Chamarajanagar,2021,4.0,17.0,49.0,24.0
Karnataka,Chikkaballapur,2021,6.0,25.0,57.0,27.0
Karnataka,Chikkamagaluru,2021,4.0,17.0,40.0,23.0
Karnataka,Chitradurga,2021,2.0,5.0,38.0,9.0
Karnataka,Devanagere,2021,10.0,14.0,54.0,15.0
Karnataka,Gadag,2021,30.0,12.0,32.0,30.0
Karnataka,Gulbarga / Kalaburgi,2021,13.0,24.0,79.0,42.0
Karnataka,Hassan,2021,15.0,21.0,60.0,22.0
Karnataka,Hubli-Dharwad,2021,7.0,22.0,71.0,29.0
Karnataka,Kolar,2021,33.0,14.0,50.0,28.0
Karnataka,Koppal,2021,13.0,12.0,40.0,17.0
Karnataka,Madikeri,2021,15.0,5.0,36.0,18.0
Karnataka,Mandya,2021,2.0,13.0,34.0,19.0
Karnataka,Mangalore,2021,19.0,26.0,51.0,26.0
Karnataka,Mysore,2021,4.0,19.0,46.0,20.0
Karnataka,Raichur,2021,7.0,22.0,90.0,33.0
Karnataka,Ramanagara,2021,18.0,18.0,52.0,27.0
Karnataka,Shimaga / Shivamogga,2021,3.0,21.0,45.0,23.0
Karnataka,Tumkuru,2021,2.0,15.0,62.0,31.0
Karnataka,Udupi,2021,19.0,14.0,33.0,26.5
Karnataka,Yadgir,2021,12.0,14.0,59.0,29.0
Kerala,Alappuzha,2021,2.0,5.0,52.0,29.0
Kerala,Eloor,2021,13.0,14.0,47.0,25.0
Kerala,Ernakulam,2021,5.0,8.0,50.0,26.0
Kerala,Kannur,2021,2.0,19.0,73.0,34.0
Kerala,Kottayam,2021,2.0,12.0,38.0,29.0
Kerala,Kozhikode,2021,3.0,5.0,51.0,19.0
Kerala,Mallappuram,2021,2.0,16.0,31.0,26.0
Kerala,Palakkad,2021,2.0,5.0,57.0,33.0
Kerala,Pathanamthitta,2021,2.0,13.0,33.0,29.0
Kerala,Thiruvanantapuram,2021,6.0,8.0,47.0,23.0
Kerala,Thrissur,2021,23.0,5.0,49.0,38.0
Kerala,Wayanad,2021,2.0,5.0,29.0,14.0
Madhya Pradesh,Amlai,2021,10.0,22.0,72.0,31.0
Madhya Pradesh,Bhopal,2021,17.0,24.0,119.0,45.0
Madhya Pradesh,Chindwara,2021,5.0,13.0,66.0,28.0
Madhya Pradesh,Dewas,2021,12.0,20.0,83.0,37.0
Madhya Pradesh,Gwalior,2021,16.0,23.0,115.0,50.0
Madhya Pradesh,Indore,2021,13.0,35.0,105.0,44.0
Madhya Pradesh,Jabalpur,2021,12.0,33.0,114.0,44.0
Madhya Pradesh,Katni,2021,14.0,26.0,142.0,55.0
Madhya Pradesh,Maihar,2021,11.0,11.0,57.0,33.0
Madhya Pradesh,Mandideep,2021,30.0,30.0,98.0,43.0
Madhya Pradesh,Nagda,2021,6.0,5.0,41.0,19.0
Madhya Pradesh,Pithampur,2021,16.0,21.0,89.0,45.0
Madhya Pradesh,Ratlam,2021,13.0,20.0,98.0,42.0
Madhya Pradesh,Rewa,2021,9.0,18.0,70.0,34.0
Madhya Pradesh,Sagar,2021,7.0,18.0,80.0,34.0
Madhya Pradesh,Satna,2021,15.0,9.0,80.0,26.0
Madhya Pradesh,Singrauli,2021,29.0,41.0,182.0,77.0
Madhya Pradesh,Ujjain,2021,7.0,15.0,113.0,42.0
Maharashtra,Akola,2021,14.0,14.0,63.0,45.0
Maharashtra,Ambernath,2021,20.0,53.0,77.0,45.0
Maharashtra,Amravati,2021,13.0,19.0,64.0,45.0
Maharashtra,Aurangabad,2021,17.0,28.0,80.0,34.0
Maharashtra,Badlapur,2021,21.0,56.0,96.0,45.0
Maharashtra,Bhiwandi,2021,29.0,42.0,62.0,45.0
Maharashtra,Chandrapur,2021,9.0,19.0,105.0,44.0
Maharashtra,Dombivali / Kalyan,2021,29.0,16.0,121.0,59.0
Maharashtra,Jalgaon,2021,12.0,22.0,60.0,45.0
Maharashtra,Jalna,2021,10.0,41.0,93.0,45.0
Maharashtra,Kolhapur,2021,17.0,28.0,85.0,45.0
Maharashtra,Latur,2021,7.0,17.0,57.0,45.0
Maharashtra,Mumbai,2021,14.0,23.0,106.0,47.0
Maharashtra,Nagpur,2021,10.0,25.0,72.0,36.0
Maharashtra,Nanded,2021,18.0,31.0,54.0,45.0
Maharashtra,Nashik,2021,4.0,27.0,59.0,40.0
Maharashtra,Navi Mumbai,2021,15.0,35.0,92.0,52.0
Maharashtra,Pimpri-Chinchwad,2021,21.0,41.0,84.0,45.0
Maharashtra,Pune,2021,26.0,38.0,108.0,45.0
Maharashtra,Roha,2021,10.0,33.0,128.0,45.0
Maharashtra,Sangli,2021,9.0,37.0,72.0,45.0
Maharashtra,Solapur,2021,11.0,16.0,72.0,36.0
Maharashtra,Thane,2021,11.0,46.0,135.0,45.0
Maharashtra,Ulhas Nagar,2021,21.0,56.0,81.0,45.0
Manipur,Imphal,2021,6.0,26.0,123.0,48.0
Meghalaya,Byraihat,2021,13.0,14.0,226.0,30.0
Meghalaya,Khlihriat,2021,4.0,7.0,42.0,7.0
Meghalaya,Nongstoin,2021,3.0,8.0,35.0,7.0
Meghalaya,Shillong,2021,10.0,6.0,27.0,12.0
Meghalaya,Tura,2021,3.0,7.0,37.0,6.0
Meghalaya,Umaim,2021,4.0,9.0,101.0,12.0
Mizoram,Aizwal,2021,10.0,3.0,41.0,24.0
Mizoram,Champhai,2021,2.0,5.0,22.0,15.0
Mizoram,Khatla,2021,2.0,5.0,25.0,25.0
Mizoram,Kolasib,2021,2.0,5.0,17.0,8.0
Mizoram,Lawngtlai,2021,2.0,6.0,65.0,11.0
Mizoram,Lunglei,2021,2.0,5.0,25.0,6.0
Mizoram,Lengpui,2021,2.0,7.0,39.0,39.0
Mizoram,Mamit,2021,2.0,5.0,32.0,11.0
Mizoram,Saiha,2021,2.0,5.0,37.0,11.0
Mizoram,Serchhip,2021,2.0,5.0,35.0,11.0
Nagaland,Dimapur,2021,2.0,7.0,88.0,33.0
Nagaland,Kohima,2021,20.0,3.0,77.0,33.0
Odisha,Angul,2021,10.0,27.0,96.0,36.0
Odisha,Balasore,2021,4.0,11.0,76.0,44.0
Odisha,Berhampur,2021,5.0,20.0,63.0,25.0
Odisha,Bhubaneshwar,2021,2.0,16.0,94.0,36.0
Odisha,Bonaigarh,2021,9.0,12.0,103.0,39.0
Odisha,Brajrajnagar,2021,25.0,19.0,71.0,34.0
Odisha,Cuttack,2021,4.0,18.0,87.0,35.0
Odisha,Jharsuguda,2021,8.0,14.0,102.0,56.0
Odisha,Kalinga Nagar,2021,2.0,16.0,115.0,68.0
Odisha,Konark,2021,2.0,13.0,63.0,42.5
Odisha,Paradeep,2021,16.0,11.0,114.0,42.5
Odisha,Puri,2021,2.0,4.0,77.0,42.5
Odisha,Rajgangpur,2021,10.0,13.0,129.0,42.0
Odisha,Rayagada,2021,5.0,16.0,68.0,33.0
Odisha,Rourkela,2021,9.0,12.0,125.0,48.0
Odisha,Sambalpur,2021,7.0,25.0,103.0,42.0
Odisha,Talcher,2021,16.0,29.0,88.0,40.0
Pondicherry (UT),Karaikal,2021,2.0,5.0,41.0,24.0
Pondicherry (UT),Pondicherry,2021,7.0,11.0,42.0,20.0
Punjab,Aligarh (Jagraon),2021,8.0,16.0,76.0,51.0
Punjab,Amritsar,2021,14.0,21.0,116.0,51.0
Punjab,Aspal Khurd (Tapa),2021,7.0,19.0,106.0,51.0
Punjab,Bara Pind (Goraya),2021,7.0,17.0,87.0,51.0
Punjab,Batala,2021,7.0,19.0,77.0,51.0
Punjab,Bhatinda,2021,6.0,15.0,105.0,50.0
Punjab,Binjon (Garshankar),2021,6.0,15.0,81.0,51.0
Punjab,Bishanpura (Payal),2021,8.0,20.0,137.0,51.0
Punjab,Changal (Sangrur),2021,6.0,16.0,99.0,51.0
Punjab,Chowkimann (Jagraon),2021,7.0,16.0,182.0,51.0
Punjab,Dera Baba Nanak,2021,7.0,13.0,74.0,51.0
Punjab,Dera Bassi,2021,7.0,18.0,100.0,51.0
Punjab,Fatehpur (Samana),2021,6.0,17.0,91.0,51.0
Punjab,Gobindgarh Mandi Gobindgarh,2021,10.0,21.0,122.0,63.0
Punjab,Guru Ki Dhab (Kotkapura),2021,4.0,11.0,91.0,51.0
Punjab,Jaito Sarja (Batala),2021,6.0,14.0,70.0,51.0
Punjab,Jalandhar,2021,13.0,22.0,120.0,55.0
Punjab,Khanna,2021,13.0,24.0,105.0,49.0
Punjab,Kharaori (Sirhind),2021,6.0,19.0,92.0,51.0
Punjab,Kotladoom (Ajnala),2021,8.0,15.0,111.0,51.0
Punjab,Lakho ke Behram (Ferozpur),2021,4.0,15.0,91.0,51.0
Punjab,Ludhiana,2021,10.0,30.0,149.0,54.0
Punjab,Mukandpur (Nawashahar),2021,7.0,18.0,104.0,51.0
Punjab,Mureedke (Batala),2021,6.0,16.0,85.0,51.0
Punjab,Naudhrani (Malerkotla),2021,5.0,17.0,95.0,51.0
Punjab,Naya Nangal,2021,5.0,15.0,78.0,51.0
Punjab,Patiala,2021,6.0,18.0,110.0,50.0
Punjab,"Peer Mohammad
(Jalalabad)",2021,4.0,11.0,85.0,51.0
Punjab,Qila Bharian (Sangrur),2021,5.0,16.0,94.0,51.0
Punjab,Rakhra (Patiala),2021,6.0,18.0,90.0,51.0
Punjab,Rohila (Samrala),2021,8.0,17.0,119.0,51.0
Punjab,Rupnagar,2021,11.0,8.0,126.0,59.0
Punjab,Tirathpur (Amritsar I),2021,8.0,18.0,128.0,51.0
Rajasthan,Ajmer,2021,13.0,24.0,96.0,45.0
Rajasthan,Alwar,2021,12.0,27.0,112.0,43.0
Rajasthan,Bharatpur,2021,10.0,35.0,210.0,54.0
Rajasthan,Bhiwadi,2021,24.0,39.0,204.0,110.0
Rajasthan,Chittorgargh,2021,8.0,24.0,119.0,54.0
Rajasthan,Jaipur,2021,10.0,31.0,124.0,58.0
Rajasthan,Jodhpur,2021,7.0,25.0,168.0,75.0
Rajasthan,Kota,2021,9.0,26.0,114.0,60.0
Rajasthan,Pali,2021,9.0,20.0,118.0,58.0
Rajasthan,Udaipur,2021,11.0,26.0,120.0,55.0
Sikkim,Chungthang,2021,5.0,5.0,27.0,16.0
Sikkim,Gangtok,2021,5.0,11.0,49.0,31.0
Sikkim,Mangan,2021,5.0,9.0,27.0,16.0
Sikkim,Namchi,2021,5.0,5.0,30.0,16.0
Sikkim,Pelling,2021,6.0,4.0,29.0,16.0
Sikkim,Rangpo,2021,7.0,10.0,64.0,16.0
Sikkim,Ravangla,2021,4.0,3.0,23.0,16.0
Sikkim,Singtam,2021,8.0,9.0,32.0,16.0
Tamilnadu,Chennai,2021,11.0,13.0,58.0,26.0
Tamilnadu,Coimbatore,2021,10.0,20.0,47.0,32.0
Tamilnadu,Cuddalore,2021,13.0,19.0,48.0,25.0
Tamilnadu,Dharmapuri,2021,8.0,24.0,42.0,23.0
Tamilnadu,Gummidipoondi,2021,12.0,13.0,105.0,45.0
Tamilnadu,Madurai,2021,13.0,17.0,54.0,25.0
Tamilnadu,Mettur,2021,8.0,25.0,39.0,22.0
Tamilnadu,Nagarcoil,2021,8.0,15.0,39.0,9.0
Tamilnadu,Perambalur,2021,9.0,13.0,34.0,15.0
Tamilnadu,Salem,2021,8.0,25.0,40.0,23.0
Tamilnadu,Sivagangai,2021,9.0,14.0,35.0,15.0
Tamilnadu,Trichy,2021,12.0,16.0,47.0,19.0
Tamilnadu,Theni,2021,11.0,17.0,60.0,26.0
Tamilnadu,Tiruvannamalai,2021,5.0,13.0,52.0,25.0
Tamilnadu,Tiruvarur,2021,10.0,14.0,35.0,16.0
Tamilnadu,Villupuram,2021,11.0,16.0,42.0,17.0
Tamilnadu,Tuticorin / Thoothukudi,2021,5.0,7.0,67.0,21.0
Telangana,Adilabad,2021,6.0,25.0,71.0,39.0
Telangana,Hyderabad,2021,6.0,34.0,89.0,39.0
Telangana,Karimnagar,2021,7.0,39.0,76.0,39.0
Telangana,Khammam,2021,7.0,39.0,72.0,39.0
Telangana,Kothur,2021,9.0,46.0,100.0,39.0
Telangana,Nalgonda,2021,6.0,26.0,71.0,28.0
Telangana,Nizamabad,2021,6.0,25.0,59.0,31.0
Telangana,Patencheru,2021,6.0,27.0,78.0,34.0
Telangana,Ramagundum,2021,8.0,46.0,91.0,97.0
Telangana,Sangareddy,2021,5.0,45.0,82.0,45.0
Telangana,Warangal,2021,7.0,35.0,60.0,60.0
Tripura,Agartala,2021,19.0,9.0,82.0,50.0
Uttar Pradesh,Agra,2021,5.0,20.0,164.0,85.0
Uttar Pradesh,Aligarh,2021,19.0,31.0,165.0,66.0
Uttar Pradesh,Allahabad,2021,8.0,22.0,133.0,53.0
Uttar Pradesh,Anpara,2021,17.0,25.0,153.0,66.0
Uttar Pradesh,Ayodhya,2021,5.0,18.0,166.0,66.0
Uttar Pradesh,Bagpat,2021,13.0,28.0,211.0,94.0
Uttar Pradesh,Bareily,2021,26.0,33.0,177.0,66.0
Uttar Pradesh,Bulandshahr,2021,15.0,24.0,195.0,93.0
Uttar Pradesh,Firozabad,2021,8.0,28.0,162.0,66.0
Uttar Pradesh,Gajroula,2021,17.0,26.0,174.0,66.0
Uttar Pradesh,Ghaziabad,2021,16.0,38.0,233.0,110.0
Uttar Pradesh,Gorakhpur,2021,17.0,26.0,241.0,66.0
Uttar Pradesh,Greater Noida,2021,12.0,47.0,221.0,96.0
Uttar Pradesh,Hapur,2021,13.0,15.0,165.0,70.0
Uttar Pradesh,Jhansi,2021,8.0,18.0,117.0,66.0
Uttar Pradesh,Kanpur,2021,12.0,44.0,199.0,71.0
Uttar Pradesh,Khurja,2021,22.0,28.0,183.0,66.0
Uttar Pradesh,Lucknow,2021,9.0,34.0,174.0,80.0
Uttar Pradesh,Mathura,2021,12.0,27.0,170.0,66.0
Uttar Pradesh,Meerut,2021,15.0,57.0,199.0,86.0
Uttar Pradesh,Moradabad,2021,15.0,21.0,184.0,95.0
Uttar Pradesh,Muzaffarnagar,2021,19.0,20.0,173.0,80.0
Uttar Pradesh,Noida,2021,13.0,40.0,215.0,99.0
Uttar Pradesh,Raibareli,2021,6.0,12.0,111.0,66.0
Uttar Pradesh,Saharanpur,2021,13.0,22.0,181.0,66.0
Uttar Pradesh,Unnao,2021,8.0,25.0,127.0,66.0
Uttar Pradesh,Varanasi,2021,12.0,34.0,133.0,60.0
Uttarakhand,Dehradun,2021,22.0,26.0,154.0,89.0
Uttarakhand,Haldwani,2021,7.0,25.0,110.0,38.0
Uttarakhand,Haridwar,2021,13.0,20.0,117.0,81.0
Uttarakhand,Kashipur,2021,17.0,21.0,118.0,62.0
Uttarakhand,Rishikesh,2021,20.0,25.0,132.0,76.0
Uttarakhand,Rudrapur,2021,19.0,22.0,123.0,59.5
West Bengal,Alipurduar,2021,9.0,34.0,97.0,43.0
West Bengal,Amtala,2021,6.0,39.0,108.0,43.0
West Bengal,Asansol,2021,9.0,29.0,123.0,59.0
West Bengal,Baharampur,2021,2.0,19.0,79.0,43.0
West Bengal,Balurghat,2021,9.0,34.0,106.0,43.0
West Bengal,Bankura,2021,2.0,15.0,78.0,43.0
West Bengal,Barasat,2021,3.0,23.0,90.0,43.0
West Bengal,Bardhaman,2021,2.0,14.0,77.0,43.0
West Bengal,Barrckpore,2021,4.0,22.0,86.0,54.0
West Bengal,Baruipur,2021,7.0,40.0,121.0,43.0
West Bengal,Bolpur,2021,2.0,14.0,75.0,43.0
West Bengal,Chinsura,2021,2.0,20.0,83.0,43.0
West Bengal,Coochbihar,2021,9.0,34.0,100.0,43.0
West Bengal,Dankuni,2021,2.0,21.0,85.0,43.0
West Bengal,Darjeeling,2021,8.0,32.0,62.0,32.0
West Bengal,Durgapur,2021,19.0,27.0,163.0,78.0
West Bengal,Ghatal,2021,12.0,37.0,106.0,43.0
West Bengal,Haldia,2021,12.0,28.0,97.0,41.0
West Bengal,Howrah,2021,14.0,33.0,129.0,77.0
West Bengal,Jalpaiguri,2021,8.0,34.0,96.0,65.0
West Bengal,Jhargram,2021,12.0,38.0,101.0,43.0
West Bengal,Kalimpong,2021,8.0,32.0,64.0,43.0
West Bengal,Kalyani,2021,2.0,21.0,83.0,48.0
West Bengal,Kharagpur,2021,13.0,39.0,124.0,43.0
West Bengal,Kolkata,2021,9.0,36.0,107.0,48.0
West Bengal,Krishnanagar,2021,2.0,20.0,80.0,43.0
West Bengal,Madhyamgram,2021,3.0,22.0,87.0,43.0
West Bengal,Malda,2021,9.0,35.0,112.0,43.0
West Bengal,Medinipur,2021,12.0,36.0,102.0,43.0
West Bengal,Purulia,2021,2.0,14.0,74.0,43.0
West Bengal,Raigunj,2021,9.0,34.0,104.0,43.0
West Bengal,Rampurhat,2021,2.0,15.0,78.0,43.0
West Bengal,Ranaghat,2021,2.0,20.0,83.0,43.0
West Bengal,Raniganj,2021,12.0,31.0,130.0,43.0
West Bengal,Rishra,2021,4.0,23.0,91.0,43.0
West Bengal,Sankrail,2021,13.0,40.0,126.0,43.0
West Bengal,Siliguri,2021,5.0,35.0,105.0,59.0
West Bengal,Suri,2021,2.0,31.0,77.0,43.0
West Bengal,Tamluk,2021,13.0,38.0,124.0,43.0
West Bengal,Tribeni,2021,2.0,20.0,86.0,43.0
West Bengal,Uluberia,2021,13.0,41.0,115.0,43.0
Andhra Pradesh,Amaravati,2022,12.0,10.0,54.0,30.0
Andhra Pradesh,Anatapur,2022,6.0,19.0,61.0,32.0
Andhra Pradesh,Chittor,2022,5.0,13.0,55.0,31.0
Andhra Pradesh,Eluru,2022,5.0,18.0,67.0,31.0
Andhra Pradesh,Guntur,2022,4.0,17.0,60.0,23.0
Andhra Pradesh,Kadapa,2022,6.0,16.0,56.0,28.0
Andhra Pradesh,Kakinada,2022,8.0,15.0,69.0,24.0
Andhra Pradesh,Kurnool,2022,6.0,18.0,64.0,34.0
Andhra Pradesh,Nellore,2022,4.0,17.0,55.0,22.0
Andhra Pradesh,Ongole,2022,5.0,18.0,50.0,17.0
Andhra Pradesh,"Rajahmundry/Rajamahend
ravaram",2022,6.0,13.0,66.0,30.0
Andhra Pradesh,Srikakulam,2022,9.0,20.0,72.0,26.0
Andhra Pradesh,Tirupati,2022,6.0,22.0,58.0,31.0
Andhra Pradesh,Vijayawada,2022,4.0,18.0,71.0,36.0
Andhra Pradesh,Visakhapatnam,2022,15.0,33.0,108.0,43.0
Andhra Pradesh,Vizianagaram,2022,9.0,19.0,70.0,25.0
Arunachal Pradesh,Itanagar,2022,2.0,11.0,58.0,19.0
Arunachal Pradesh,Naharlagun,2022,28.0,12.0,57.0,23.0
Assam,Bongaigaon,2022,5.0,12.0,56.0,30.0
Assam,Brynihat,2022,8.0,16.0,257.0,108.0
Assam,Daranga,2022,7.0,15.0,41.0,28.5
Assam,Dibrugarh,2022,6.0,11.0,44.0,22.0
Assam,Golaghat,2022,6.0,11.0,43.0,18.0
Assam,Guwahati,2022,12.0,8.0,101.0,53.0
Assam,Magherita,2022,5.0,11.0,39.0,17.0
Assam,Nagaon,2022,7.0,15.0,83.0,38.0
Assam,Nalbari,2022,7.0,14.0,95.0,47.0
Assam,North Lakhimpur,2022,7.0,15.0,60.0,27.0
Assam,Silcher,2022,7.0,11.0,45.0,20.0
Assam,Sivasagar,2022,5.0,10.0,38.0,19.0
Assam,Tezpur,2022,6.0,15.0,57.0,24.0
Assam,Tinsukia,2022,5.0,11.0,40.0,17.0
Bihar,Araria,2022,8.0,46.0,139.0,77.0
Bihar,Arrah,2022,6.0,65.0,162.0,59.0
Bihar,Aurangabad,2022,9.0,25.0,187.0,74.0
Bihar,Begusarai,2022,12.0,16.0,188.0,114.0
Bihar,Bettiah,2022,3.0,24.0,178.0,95.0
Bihar,Bhagalpur,2022,15.0,54.0,170.0,82.0
Bihar,Bihar Sharif,2022,5.0,43.0,209.0,86.0
Bihar,Buxar,2022,4.0,31.0,213.0,89.0
Bihar,Chhapra,2022,6.0,37.0,216.0,98.0
Bihar,Darbhanga,2022,10.0,20.0,202.0,92.0
Bihar,Gaya,2022,8.0,38.0,149.0,71.0
Bihar,Hajipur,2022,5.0,24.0,138.0,67.0
Bihar,Katihar,2022,8.0,32.0,227.0,103.0
Bihar,Kishanganj,2022,6.0,36.0,142.0,75.0
Bihar,Manguraha,2022,5.0,26.0,88.0,38.0
Bihar,Motihari,2022,7.0,31.0,153.0,79.0
Bihar,Munger,2022,15.0,29.0,201.0,90.0
Bihar,Muzaffarpur,2022,9.0,24.0,175.0,89.0
Bihar,Patna,2022,7.0,32.0,175.0,90.0
Bihar,Purnia,2022,5.0,45.0,167.0,100.0
Bihar,Rajgir,2022,6.0,35.0,132.0,70.0
Bihar,Saharsa,2022,4.0,43.0,250.0,103.0
Bihar,Samastipur,2022,5.0,40.0,220.0,88.0
Bihar,Sasaram,2022,13.0,53.0,142.0,74.0
Bihar,Siwan,2022,8.0,56.0,198.0,112.0
Chandigarh (UT),Chandigarh,2022,7.0,27.0,113.0,57.0
Chattisgarh,Bilaspur,2022,8.0,14.0,61.0,27.0
Chattisgarh,Durg Bhillainagar,2022,10.0,13.0,61.0,26.0
Chattisgarh,Korba,2022,8.0,18.0,61.0,31.0
Chattisgarh,Raigarh,2022,11.0,13.0,73.0,32.0
Chattisgarh,Raipur,2022,14.0,20.0,72.0,30.0
"Dadara and Nagar Haveli and Daman and Diu (UT), India",Baldevi,2022,15.0,20.0,73.0,29.0
"Dadara and Nagar Haveli and Daman and Diu (UT), India",Daman,2022,19.0,24.0,76.0,31.0
"Dadara and Nagar Haveli and Daman and Diu (UT), India",Patlara (Daman),2022,18.0,23.0,76.0,30.0
"Dadara and Nagar Haveli and Daman and Diu (UT), India",Silvasa,2022,17.0,22.0,77.0,30.0
Delhi (UT),Delhi,2022,9.0,41.0,207.0,98.0
Goa,Amona,2022,7.0,12.0,58.0,27.0
Goa,Assanora,2022,7.0,13.0,57.0,27.0
Goa,Bicholim,2022,7.0,13.0,57.0,27.0
Goa,Codli,2022,7.0,13.0,58.0,27.0
Goa,Cuncolim,2022,7.0,13.0,68.0,31.0
Goa,Honda,2022,7.0,13.0,58.0,27.0
Goa,Kundaim,2022,7.0,13.0,59.0,28.0
Goa,Mapusa,2022,2.0,15.0,43.0,27.0
Goa,Margao,2022,7.0,13.0,57.0,27.0
Goa,Panaji,2022,2.0,16.0,62.0,27.0
Goa,Ponda,2022,7.0,13.0,59.0,28.0
Goa,Sanguem,2022,7.0,13.0,57.0,27.0
Goa,Tilamol,2022,7.0,13.0,58.0,27.0
Goa,Tuem,2022,7.0,13.0,57.0,27.0
Goa,Usgao Pale,2022,7.0,13.0,60.0,28.0
Goa,Vasco,2022,2.0,15.0,47.0,26.0
Gujarat,Ahmedabad,2022,22.0,33.0,112.0,41.0
Gujarat,Ankleshwar,2022,38.0,32.0,114.0,59.0
Gujarat,Gandhinagar,2022,16.0,13.0,89.0,47.0
Gujarat,Jamnagar,2022,14.0,19.0,109.0,27.0
Gujarat,Nandesari,2022,10.0,4.0,55.0,45.0
Gujarat,Rajkot,2022,14.0,19.0,108.0,28.0
Gujarat,Surat,2022,19.0,23.0,113.0,49.0
Gujarat,Vadodara,2022,14.0,19.0,110.0,28.0
Gujarat,Vapi,2022,37.0,9.0,119.0,69.0
Gujarat,Vatva,2022,8.0,42.0,113.0,51.0
Haryana,Ambala,2022,7.0,24.0,136.0,68.0
Haryana,Bahadurgarh,2022,11.0,26.0,163.0,83.0
Haryana,Ballabgarh,2022,20.0,14.0,156.0,68.0
Haryana,Bhiwani,2022,15.0,21.0,117.0,74.0
Haryana,Charkhi Dadri,2022,7.0,17.0,157.0,77.0
Haryana,Dharuhera,2022,10.0,19.0,216.0,87.0
Haryana,Faridabad,2022,15.0,20.0,211.0,92.0
Haryana,Fatehabad,2022,10.0,22.0,150.0,73.0
Haryana,Gurgaon,2022,7.0,24.0,197.0,90.0
Haryana,Hissar,2022,8.0,40.0,153.0,79.0
Haryana,Jind,2022,8.0,15.0,132.0,78.0
Haryana,Kaithal,2022,13.0,14.0,142.0,67.0
Haryana,Karnal,2022,11.0,12.0,113.0,55.0
Haryana,Kurukshetra,2022,11.0,31.0,132.0,74.0
Haryana,Mandikhera,2022,13.0,10.0,87.0,28.0
Haryana,Manesar,2022,13.0,21.0,161.0,91.0
Haryana,Narnaul,2022,5.0,26.0,114.0,55.0
Haryana,Palwal,2022,5.0,14.0,116.0,35.0
Haryana,Panipat,2022,23.0,19.0,167.0,50.0
Haryana,Sirsa,2022,19.0,28.0,130.0,50.0
Haryana,Sonepat,2022,12.0,19.0,184.0,46.0
Haryana,Yamuna Nagar,2022,11.0,14.0,168.0,76.0
Himachal Pradesh,Baddi,2022,16.0,17.0,126.0,46.0
Himachal Pradesh,Damtal,2022,2.0,5.0,67.0,33.0
Himachal Pradesh,Dharamshala,2022,2.0,5.0,47.0,22.0
Himachal Pradesh,Kala Amb,2022,4.0,12.0,84.0,42.0
Himachal Pradesh,Manali,2022,2.0,7.0,43.0,14.0
Himachal Pradesh,Nalagarh,2022,2.0,13.0,80.0,25.0
Himachal Pradesh,Parwanoo,2022,2.0,5.0,44.0,12.0
Himachal Pradesh,Poanta Sahib,2022,4.0,11.0,101.0,47.0
Himachal Pradesh,Shimla,2022,2.0,8.0,44.0,20.0
Himachal Pradesh,Sunder Nagar,2022,2.0,5.0,47.0,22.0
Himachal Pradesh,Una,2022,3.0,8.0,55.0,27.0
Jammu & Kashmir (UT),Jammu,2022,3.0,21.0,171.0,32.0
Jammu & Kashmir (UT),Srinagar (K),2022,22.0,17.0,83.0,27.0
Jharkhand,Barajamda,2022,17.0,22.0,78.0,86.5
Jharkhand,Dhanbad,2022,13.0,35.0,207.0,86.5
Jharkhand,Jamshedpur,2022,37.0,45.0,129.0,86.5
Jharkhand,Jharia,2022,14.0,37.0,281.0,86.5
Jharkhand,Jorapokhar,2022,13.0,14.0,126.0,86.5
Jharkhand,Ranchi,2022,17.0,36.0,106.0,86.5
Jharkhand,Saraikela,2022,37.0,45.0,134.0,86.5
Jharkhand,Sindri,2022,13.0,22.0,158.0,86.5
Karnataka,Bagalkote,2022,5.0,9.0,47.0,24.0
Karnataka,Bangalore,2022,6.0,19.0,68.0,32.0
Karnataka,Belgaum,2022,21.0,19.0,88.0,37.0
Karnataka,Bidar,2022,38.0,5.0,84.0,26.5
Karnataka,Bijapur / Vijayapura,2022,5.0,10.0,50.0,18.0
Karnataka,Chamarajanagar,2022,3.0,17.0,40.0,17.0
Karnataka,Chikkaballapur,2022,9.0,22.0,67.0,33.0
Karnataka,Chikkamagaluru,2022,5.0,17.0,46.0,20.0
Karnataka,Chitradurga,2022,3.0,6.0,41.0,12.0
Karnataka,Devanagere,2022,4.0,16.0,66.0,26.0
Karnataka,Gadag,2022,15.0,13.0,53.0,28.0
Karnataka,Gulbarga / Kalaburgi,2022,17.0,20.0,92.0,38.0
Karnataka,Hassan,2022,17.0,25.0,68.0,27.0
Karnataka,Haveri,2022,13.0,8.0,51.0,25.0
Karnataka,Hubli Dharwad,2022,8.0,15.0,72.0,29.0
Karnataka,Kolar,2022,59.0,13.0,97.0,43.0
Karnataka,Koppal,2022,20.0,13.0,55.0,23.0
Karnataka,Madikeri,2022,16.0,4.0,36.0,19.0
Karnataka,Mandya,2022,2.0,14.0,39.0,26.5
Karnataka,Mangalore,2022,8.0,27.0,58.0,22.0
Karnataka,Mysore,2022,3.0,14.0,47.0,20.0
Karnataka,Raichur,2022,16.0,24.0,91.0,31.0
Karnataka,Ramanagara,2022,24.0,19.0,58.0,28.0
Karnataka,Shimaga / Shivamogga,2022,5.0,23.0,52.0,23.0
Karnataka,Tumkuru,2022,2.0,14.0,59.0,34.0
Karnataka,Udupi,2022,25.0,16.0,21.0,26.5
Karnataka,Yadgir,2022,19.0,12.0,62.0,30.0
Kerala,Alappuzha,2022,2.0,5.0,50.0,29.0
Kerala,Eloor,2022,12.0,18.0,62.0,31.0
Kerala,Ernakulam,2022,3.0,26.0,34.0,22.0
Kerala,Kannur,2022,2.0,14.0,63.0,36.0
Kerala,Kochi,2022,6.0,17.0,80.0,58.0
Kerala,Kollam,2022,4.0,16.0,72.0,33.0
Kerala,Kottayam,2022,2.0,10.0,44.0,29.0
Kerala,Kozhikode,2022,5.0,14.0,59.0,33.0
Kerala,Mallappuram,2022,2.0,15.0,31.0,25.0
Kerala,Palakkad,2022,2.0,5.0,62.0,24.0
Kerala,Pathanamthitta,2022,2.0,5.0,33.0,29.0
Kerala,Thiruvalla,2022,2.0,5.0,60.0,29.0
Kerala,Thiruvanantapuram,2022,5.0,12.0,43.0,27.0
Kerala,Thrissur,2022,3.0,18.0,54.0,31.0
Kerala,Wayanad,2022,2.0,5.0,40.0,22.0
Madhya Pradesh,Amlai,2022,11.0,18.0,71.0,33.0
Madhya Pradesh,Bhopal,2022,16.0,22.0,126.0,52.0
Madhya Pradesh,Chindwara,2022,5.0,17.0,78.0,35.0
Madhya Pradesh,Dewas,2022,13.0,23.0,102.0,38.0
Madhya Pradesh,Gwalior,2022,20.0,27.0,132.0,64.0
Madhya Pradesh,Indore,2022,14.0,49.0,111.0,42.0
Madhya Pradesh,Jabalpur,2022,10.0,30.0,128.0,46.0
Madhya Pradesh,Katni,2022,17.0,27.0,151.0,58.0
Madhya Pradesh,Maihar,2022,9.0,10.0,37.0,17.0
Madhya Pradesh,Mandideep,2022,37.0,38.0,108.0,39.0
Madhya Pradesh,Nagda,2022,7.0,5.0,45.0,23.0
Madhya Pradesh,Pithampur,2022,15.0,14.0,106.0,44.0
Madhya Pradesh,Ratlam,2022,12.0,27.0,98.0,40.0
Madhya Pradesh,Rewa,2022,6.0,21.0,56.0,25.0
Madhya Pradesh,Sagar,2022,8.0,19.0,78.0,34.0
Madhya Pradesh,Satna,2022,6.0,13.0,62.0,21.0
Madhya Pradesh,Singrauli,2022,27.0,71.0,184.0,72.0
Madhya Pradesh,Ujjain,2022,8.0,16.0,118.0,46.0
Maharashtra,Akola,2022,14.0,14.0,63.0,45.0
Maharashtra,Ambernath,2022,21.0,47.0,78.0,45.0
Maharashtra,Amravati,2022,13.0,15.0,67.0,45.0
Maharashtra,Aurangabad,2022,15.0,26.0,125.0,58.0
Maharashtra,Badlapur,2022,22.0,57.0,125.0,45.0
Maharashtra,Bhiwandi,2022,29.0,41.0,61.0,45.0
Maharashtra,Chandrapur,2022,14.0,27.0,123.0,48.0
Maharashtra,Dombivali / Kalyan,2022,21.0,28.0,128.0,54.0
Maharashtra,Jalgaon,2022,12.0,20.0,63.0,45.0
Maharashtra,Jalna,2022,10.0,45.0,93.0,45.0
Maharashtra,Kolhapur,2022,14.0,25.0,80.0,45.0
Maharashtra,Latur,2022,8.0,16.0,55.0,45.0
Maharashtra,Mumbai,2022,16.0,29.0,114.0,49.0
Maharashtra,Nagpur,2022,8.0,22.0,85.0,45.0
Maharashtra,Nanded,2022,22.0,42.0,79.0,45.0
Maharashtra,Nashik,2022,5.0,27.0,61.0,36.0
Maharashtra,Navi Mumbai,2022,21.0,44.0,100.0,50.0
Maharashtra,Pimpri Chinchwad,2022,17.0,42.0,84.0,45.0
Maharashtra,Pune,2022,47.0,64.0,110.0,73.0
Maharashtra,Roha,2022,9.0,24.0,74.0,45.0
Maharashtra,Sangli,2022,9.0,35.0,58.0,45.0
Maharashtra,Solapur,2022,18.0,24.0,74.0,40.0
Maharashtra,Tarapur,2022,22.0,56.0,89.0,45.0
Maharashtra,Thane,2022,21.0,42.0,116.0,58.0
Maharashtra,Ulhas Nagar,2022,20.0,53.0,79.0,45.0
Maharashtra,Vasai virar,2022,22.0,19.0,156.0,40.0
Manipur,Imphal,2022,51.0,8.0,37.0,12.0
Meghalaya,Byraihat,2022,21.0,19.0,152.0,60.0
Meghalaya,Dawki,2022,6.0,12.0,39.0,21.0
Meghalaya,Khlihriat,2022,5.0,10.0,48.0,25.0
Meghalaya,Nongstoin,2022,5.0,11.0,38.0,21.0
Meghalaya,Shillong,2022,11.0,13.0,34.0,20.0
Meghalaya,Tura,2022,3.0,7.0,36.0,17.0
Meghalaya,Umaim,2022,6.0,8.0,96.0,31.0
Mizoram,Aizwal,2022,9.0,4.0,42.0,10.0
Mizoram,Champhai,2022,2.0,5.0,22.0,11.0
Mizoram,Kolasib,2022,2.0,5.0,20.0,9.0
Mizoram,Lawngtlai,2022,2.0,5.0,27.0,11.0
Mizoram,Lunglei,2022,2.0,5.0,19.0,11.0
Mizoram,Mamit,2022,2.0,5.0,25.0,11.0
Mizoram,Saiha,2022,2.0,5.0,27.0,11.0
Mizoram,Serchhip,2022,2.0,5.0,20.0,11.0
Nagaland,Dimapur,2022,2.0,8.0,92.0,33.0
Nagaland,Kohima,2022,41.0,3.0,70.0,27.0
Odisha,Angul,2022,10.0,27.0,100.0,36.0
Odisha,Balasore,2022,4.0,11.0,79.0,49.0
Odisha,Berhampur,2022,5.0,21.0,66.0,29.0
Odisha,Bhubaneshwar,2022,2.0,17.0,108.0,38.0
Odisha,Bonaigarh,2022,11.0,14.0,107.0,41.0
Odisha,Brajrajnagar,2022,24.0,19.0,73.0,34.0
Odisha,Cuttack,2022,4.0,19.0,103.0,35.0
Odisha,Jharsuguda,2022,9.0,14.0,111.0,55.0
Odisha,Kalinga Nagar,2022,6.0,14.0,102.0,59.0
Odisha,Konark,2022,2.0,13.0,68.0,42.5
Odisha,Paradeep,2022,14.0,9.0,91.0,39.0
Odisha,Puri,2022,2.0,14.0,92.0,42.5
Odisha,Rajgangpur,2022,11.0,12.0,118.0,29.0
Odisha,Rayagada,2022,5.0,16.0,72.0,42.5
Odisha,Rourkela,2022,11.0,13.0,110.0,42.0
Odisha,Sambalpur,2022,7.0,25.0,102.0,36.0
Odisha,Talcher,2022,24.0,28.0,80.0,39.0
Pondicherry (UT),Karaikal,2022,2.0,5.0,42.0,24.0
Pondicherry (UT),Pondicherry,2022,9.0,11.0,51.0,25.0
Punjab,Aligarh (Jagraon),2022,7.0,17.0,96.0,51.0
Punjab,Amritsar,2022,14.0,37.0,117.0,51.0
Punjab,Aspal Khurd (Tapa),2022,6.0,16.0,94.0,51.0
Punjab,Batala,2022,7.0,16.0,72.0,51.0
Punjab,Bhatinda,2022,11.0,21.0,119.0,38.0
Punjab,Binjon (Garshankar),2022,7.0,16.0,74.0,51.0
Punjab,Bishanpura (Payal),2022,8.0,19.0,96.0,51.0
Punjab,Changal (Sangrur),2022,5.0,16.0,92.0,51.0
Punjab,Dera Baba Nanak,2022,6.0,13.0,59.0,51.0
Punjab,Dera Bassi,2022,8.0,19.0,105.0,51.0
Punjab,Fatehpur (Samana),2022,5.0,15.0,93.0,51.0
Punjab,Mandi Gobindgarh,2022,11.0,23.0,132.0,72.0
Punjab,Gurdaspur,2022,7.0,16.0,75.0,51.0
Punjab,Guru Ki Dhab (Kotkapura),2022,5.0,15.0,87.0,51.0
Punjab,Jaito Sarja (Batala),2022,8.0,31.0,59.0,51.0
Punjab,Jalandhar,2022,13.0,23.0,126.0,46.0
Punjab,Khanna,2022,13.0,26.0,114.0,47.0
Punjab,Kharaori (Sirhind),2022,7.0,18.0,96.0,51.0
Punjab,Kotladoom (Ajnala),2022,7.0,17.0,126.0,51.0
Punjab,Lakho ke Behram (Ferozpur,2022,6.0,16.0,92.0,51.0
Punjab,Ludhiana,2022,11.0,23.0,172.0,59.0
Punjab,Mrar Kalan (Muktsar),2022,5.0,16.0,87.0,51.0
Punjab,Mukandpur (Nawashahar),2022,7.0,17.0,79.0,51.0
Punjab,Mureedke (Batala),2022,9.0,29.0,67.0,51.0
Punjab,Naudhrani (Malerkotla),2022,6.0,16.0,93.0,51.0
Punjab,Naya Nangal,2022,6.0,14.0,65.0,51.0
Punjab,Pathankot,2022,7.0,16.0,76.0,51.0
Punjab,Patiala,2022,6.0,19.0,105.0,48.0
Punjab,Peer Mohammad (Jalalabad),2022,5.0,16.0,88.0,51.0
Punjab,Qila Bharian (Sangrur),2022,5.0,15.0,89.0,51.0
Punjab,Rakhra (Patiala),2022,5.0,16.0,90.0,51.0
Punjab,Rohila (Samrala),2022,9.0,19.0,129.0,51.0
Punjab,Rupnagar,2022,8.0,11.0,119.0,45.0
Punjab,Sirhind,2022,7.0,20.0,97.0,51.0
Punjab,Tirathpur (Amritsar I),2022,7.0,17.0,126.0,51.0
Rajasthan,Ajmer,2022,18.0,26.0,113.0,51.0
Rajasthan,Alwar,2022,13.0,25.0,118.0,41.0
Rajasthan,Bharatpur,2022,7.0,25.0,160.0,54.0
Rajasthan,Bhiwadi,2022,18.0,58.0,210.0,94.0
Rajasthan,Chittorgargh,2022,8.0,23.0,121.0,54.0
Rajasthan,Jaipur,2022,11.0,39.0,143.0,57.0
Rajasthan,Jodhpur,2022,11.0,32.0,155.0,69.0
Rajasthan,Kota,2022,10.0,27.0,126.0,60.0
Rajasthan,Pali,2022,9.0,21.0,105.0,58.0
Rajasthan,Udaipur,2022,8.0,28.0,130.0,54.0
Sikkim,Chungthang,2022,4.0,5.0,25.0,16.0
Sikkim,Gangtok,2022,9.0,5.0,44.0,13.0
Sikkim,Mangan,2022,3.0,5.0,25.0,16.0
Sikkim,Namchi,2022,4.0,5.0,31.0,16.0
Sikkim,Pelling,2022,5.0,5.0,31.0,16.0
Sikkim,Rangpo,2022,5.0,9.0,64.0,16.0
Sikkim,Ravangla,2022,4.0,5.0,20.0,16.0
Sikkim,Singtam,2022,7.0,9.0,60.0,16.0
Tamilnadu,Chengalpattu,2022,49.0,27.0,80.0,41.0
Tamilnadu,Chennai,2022,11.0,16.0,61.0,27.0
Tamilnadu,Coimbatore,2022,14.0,16.0,50.0,27.0
Tamilnadu,Cuddalore,2022,16.0,18.0,45.0,17.0
Tamilnadu,Dharmapuri,2022,9.0,23.0,44.0,23.0
Tamilnadu,Dindigul,2022,34.0,45.0,44.0,27.0
Tamilnadu,Gummidipoondi,2022,8.0,7.0,34.0,20.0
Tamilnadu,Hosur,2022,26.0,12.0,66.0,35.0
Tamilnadu,Madurai,2022,17.0,20.0,67.0,28.0
Tamilnadu,Mettur,2022,9.0,23.0,43.0,21.0
Tamilnadu,Nagercoil,2022,8.0,14.0,42.0,12.0
Tamilnadu,Ooty,2022,39.0,10.0,46.0,21.0
Tamilnadu,Perambalur,2022,10.0,13.0,34.0,14.0
Tamilnadu,Ramanathapuram,2022,10.0,3.0,46.0,20.0
Tamilnadu,Salem,2022,24.0,14.0,48.0,25.0
Tamilnadu,Sivagangai,2022,12.0,15.0,42.0,24.0
Tamilnadu,Theni,2022,13.0,19.0,54.0,25.0
Tamilnadu,Tirupur,2022,17.0,19.0,136.0,42.0
Tamilnadu,Tiruvannamalai,2022,5.0,14.0,52.0,17.0
Tamilnadu,Tiruvarur,2022,14.0,16.0,41.0,15.0
Tamilnadu,Trichy,2022,11.0,15.0,46.0,20.0
Tamilnadu,Tuticorin,2022,6.0,12.0,56.0,17.0
Tamilnadu,Vellore,2022,21.0,6.0,69.0,30.0
Tamilnadu,Villupuram,2022,14.0,17.0,42.0,16.0
Telangana,Adilabad,2022,9.0,26.0,58.0,39.0
Telangana,Hyderabad,2022,7.0,22.0,88.0,39.0
Telangana,Karimnagar,2022,6.0,29.0,83.0,40.0
Telangana,Khammam,2022,7.0,41.0,74.0,39.0
Telangana,Kothur,2022,8.0,42.0,93.0,39.0
Telangana,Nalgonda,2022,11.0,29.0,71.0,30.0
Telangana,Nizamabad,2022,7.0,25.0,56.0,30.0
Telangana,Patencheru,2022,9.0,31.0,83.0,37.0
Telangana,Ramagundum,2022,7.0,31.0,83.0,51.0
Telangana,Sangareddy,2022,9.0,32.0,88.0,48.0
Telangana,Warangal,2022,6.0,22.0,62.0,39.0
Tripura,Agartala,2022,31.0,11.0,94.0,53.0
Uttar Pradesh,Agra,2022,14.0,21.0,129.0,66.0
Uttar Pradesh,Aligarh,2022,16.0,23.0,165.0,66.0
Uttar Pradesh,Allahabad,2022,25.0,21.0,124.0,45.0
Uttar Pradesh,Anpara,2022,18.0,26.0,169.0,66.0
Uttar Pradesh,Ayodhya,2022,6.0,20.0,194.0,66.0
Uttar Pradesh,Baghpat,2022,21.0,36.0,145.0,74.0
Uttar Pradesh,Bareilly,2022,12.0,26.0,124.0,48.0
Uttar Pradesh,Bulandshahr,2022,14.0,26.0,183.0,73.0
Uttar Pradesh,Firozabad,2022,14.0,29.0,132.0,51.0
Uttar Pradesh,Gajroula,2022,23.0,26.0,204.0,66.0
Uttar Pradesh,Ghaziabad,2022,16.0,42.0,211.0,87.0
Uttar Pradesh,Gorakhpur,2022,30.0,28.0,97.0,38.0
Uttar Pradesh,Greater Noida,2022,17.0,35.0,219.0,80.0
Uttar Pradesh,Hapur,2022,12.0,31.0,164.0,74.0
Uttar Pradesh,Hatras,2022,17.0,23.0,166.0,66.0
Uttar Pradesh,Jhansi,2022,15.0,19.0,129.0,47.0
Uttar Pradesh,Kanpur,2022,11.0,33.0,142.0,59.0
Uttar Pradesh,Khurja,2022,20.0,24.0,156.0,62.0
Uttar Pradesh,Lucknow,2022,10.0,31.0,148.0,63.0
Uttar Pradesh,Mathura,2022,12.0,27.0,172.0,66.0
Uttar Pradesh,Meerut,2022,15.0,41.0,168.0,78.0
Uttar Pradesh,Moradabad,2022,15.0,16.0,124.0,53.0
Uttar Pradesh,Muzaffarnagar,2022,15.0,23.0,180.0,93.0
Uttar Pradesh,Noida,2022,17.0,40.0,210.0,80.0
Uttar Pradesh,Raibareli,2022,7.0,12.0,109.0,66.0
Uttar Pradesh,Saharanpur,2022,12.0,21.0,169.0,66.0
Uttar Pradesh,Unnao,2022,7.0,26.0,122.0,66.0
Uttar Pradesh,Varanasi,2022,20.0,28.0,103.0,38.0
Uttar Pradesh,Vrindavan,2022,32.0,12.0,104.0,41.0
Uttarakhand,Dehradun,2022,11.0,14.0,118.0,59.0
Uttarakhand,Haldwani,2022,8.0,25.0,114.0,31.0
Uttarakhand,Haridwar,2022,18.0,26.0,128.0,59.5
Uttarakhand,Kashipur,2022,16.0,20.0,123.0,60.0
Uttarakhand,Rishikesh,2022,18.0,23.0,136.0,72.0
Uttarakhand,Rudrapur,2022,17.0,20.0,125.0,59.5
West Bengal,Amtala,2022,8.0,46.0,126.0,43.0
West Bengal,Asansol+Raniganj,2022,11.0,35.0,135.0,60.0
West Bengal,Baharampur,2022,2.0,20.0,78.0,43.0
West Bengal,Balurghat,2022,9.0,34.0,107.0,43.0
West Bengal,Bankura,2022,2.0,16.0,86.0,43.0
West Bengal,Barasat,2022,4.0,26.0,90.0,43.0
West Bengal,Bardhaman,2022,2.0,15.0,85.0,43.0
West Bengal,Barrckpore,2022,4.0,24.0,86.0,55.0
West Bengal,Baruipur,2022,8.0,47.0,124.0,43.0
West Bengal,Birpara,2022,9.0,34.0,103.0,43.0
West Bengal,Bolpur,2022,2.0,14.0,83.0,43.0
West Bengal,Chinsura,2022,2.0,22.0,83.0,43.0
West Bengal,Coochbihar,2022,9.0,34.0,103.0,43.0
West Bengal,Dankuni,2022,3.0,24.0,87.0,43.0
West Bengal,Darjeeling,2022,8.0,31.0,64.0,32.0
West Bengal,Durgapur,2022,20.0,26.0,156.0,62.0
West Bengal,Ghatal,2022,12.0,36.0,110.0,43.0
West Bengal,Haldia,2022,14.0,25.0,94.0,36.0
West Bengal,Howrah,2022,14.0,25.0,131.0,65.0
West Bengal,Jaigaon,2022,9.0,34.0,101.0,43.0
West Bengal,Jalpaiguri,2022,9.0,33.0,101.0,43.0
West Bengal,Jhargram,2022,12.0,36.0,99.0,43.0
West Bengal,Kalimpong,2022,8.0,31.0,64.0,43.0
West Bengal,Kalyani,2022,3.0,23.0,84.0,47.0
West Bengal,Kharagpur,2022,13.0,37.0,122.0,43.0
West Bengal,Kolkata,2022,8.0,34.0,101.0,44.0
West Bengal,Krishnanagar,2022,2.0,20.0,78.0,43.0
West Bengal,Madhyamgram,2022,4.0,26.0,90.0,43.0
West Bengal,Makhrapara /Alipurduar,2022,9.0,34.0,99.0,43.0
West Bengal,Malda,2022,9.0,34.0,115.0,43.0
West Bengal,Medinipur,2022,12.0,35.0,105.0,43.0
West Bengal,Purulia,2022,2.0,15.0,84.0,43.0
West Bengal,Raigunj,2022,9.0,33.0,104.0,43.0
West Bengal,Rampurhat,2022,2.0,16.0,86.0,43.0
West Bengal,Ranaghat,2022,2.0,21.0,81.0,43.0
West Bengal,Rishra,2022,3.0,25.0,90.0,43.0
West Bengal,Sankrail,2022,13.0,37.0,139.0,43.0
West Bengal,Siliguri,2022,9.0,37.0,111.0,42.0
West Bengal,Suri,2022,2.0,15.0,15.0,43.0
West Bengal,Tamluk,2022,13.0,36.0,123.0,43.0
West Bengal,Tribeni,2022,3.0,23.0,83.0,43.0
West Bengal,Uluberia,2022,13.0,38.0,126.0,43.0
West Bengal,Uttarpara,2022,2.0,22.0,82.0,43.0
Andhra Pradesh,Amaravati,2023,14.0,11.0,71.0,34.0
Andhra Pradesh,Anantapur,2023,10.0,20.0,58.0,24.0
Andhra Pradesh,Chittoor,2023,5.0,11.0,57.0,33.0
Andhra Pradesh,Kadapa,2023,4.0,22.0,53.0,34.0
Andhra Pradesh,Kakinada,2023,8.0,16.0,76.0,30.0
Andhra Pradesh,Kurnool,2023,7.0,17.0,60.0,30.0
Andhra Pradesh,Rajahmundry/ Rajamahendravaram,2023,10.0,16.0,78.0,38.0
Andhra Pradesh,Srikakulam,2023,9.0,20.0,72.0,30.0
Andhra Pradesh,Tirupati,2023,5.0,30.0,61.0,32.0
Andhra Pradesh,Vijayawada,2023,6.0,19.0,71.0,38.0
Andhra Pradesh,Visakhapatnam,2023,11.0,34.0,129.0,50.0
Andhra Pradesh,Vizianagaram,2023,9.0,20.0,74.0,28.0
Assam,Bongaigaon,2023,5.0,12.0,51.0,24.0
Assam,Brynihat,2023,33.0,28.0,289.0,146.0
Assam,Guwahati,2023,13.0,10.0,120.0,57.0
Assam,Nagaon,2023,11.0,15.0,113.0,51.0
Assam,Nalbari,2023,6.0,17.0,132.0,61.0
Assam,Silcher,2023,6.0,11.0,33.0,17.0
Assam,Sivasagar,2023,4.0,12.0,40.0,18.0
Assam,Tinsukia,2023,6.0,12.0,52.0,24.0
Bihar,Araria,2023,15.0,26.0,167.0,73.0
Bihar,Arrah,2023,10.0,36.0,168.0,84.0
Bihar,Aurangabad,2023,12.0,8.0,139.0,61.0
Bihar,Begusarai,2023,18.0,39.0,264.0,147.0
Bihar,Bettiah,2023,9.0,24.0,187.0,85.0
Bihar,Bhagalpur,2023,17.0,33.0,167.0,82.0
Bihar,Bihar Sharif,2023,10.0,7.0,121.0,42.0
Bihar,Chhapra,2023,17.0,20.0,210.0,82.0
Bihar,Gaya,2023,12.0,21.0,119.0,59.0
Bihar,Hajipur,2023,6.0,28.0,173.0,57.0
Bihar,Katihar,2023,14.0,50.0,193.0,89.0
Bihar,Kishanganj,2023,12.0,35.0,148.0,57.0
Bihar,Manguraha,2023,5.0,31.0,91.0,47.0
Bihar,Motihari,2023,7.0,49.0,142.0,47.0
Bihar,Munger,2023,20.0,28.0,193.0,73.0
Bihar,Muzaffarpur,2023,13.0,21.0,179.0,83.0
Bihar,Patna,2023,8.0,32.0,183.0,90.0
Bihar,Purnia,2023,9.0,28.0,154.0,89.0
Bihar,Rajgir,2023,5.0,18.0,141.0,73.0
Bihar,Saharsa,2023,16.0,7.0,183.0,89.0
Bihar,Samastipur,2023,14.0,18.0,184.0,82.0
Bihar,Sasaram,2023,18.0,26.0,99.0,57.0
Bihar,Siwan,2023,13.0,47.0,176.0,88.0
Chandigarh (UT),Chandigarh,2023,6.0,25.0,113.0,58.0
Chattisgarh,Bilaspur,2023,10.0,10.0,71.0,31.0
Chattisgarh,Chhal,2023,15.0,16.0,64.0,28.0
Chattisgarh,Durg Bhillainagar,2023,11.0,14.0,66.0,31.0
Chattisgarh,Korba,2023,8.0,26.0,65.0,31.0
Chattisgarh,Kunjemura,2023,9.0,32.0,96.0,19.0
Chattisgarh,Milupara,2023,9.0,19.0,50.0,22.0
Chattisgarh,Raipur,2023,9.0,33.0,77.0,31.0
Chattisgarh,Tumidh,2023,9.0,21.0,88.0,35.0
Delhi (UT),Delhi,2023,8.0,38.0,205.0,105.0
Goa,Mapusa,2023,3.0,12.0,62.0,27.0
Goa,Panaji,2023,3.0,13.0,71.0,21.0
Gujarat,Ahmedabad,2023,12.0,18.0,100.0,39.0
Gujarat,Ankleshwar,2023,31.0,30.0,91.0,47.0
Gujarat,Gandhinagar,2023,7.0,8.0,87.0,48.0
Gujarat,Rajkot,2023,14.0,19.0,94.0,25.0
Gujarat,Surat,2023,16.0,14.0,121.0,50.0
Gujarat,Vadodara,2023,14.0,19.0,96.0,26.0
Gujarat,Vapi,2023,25.0,24.0,105.0,60.0
Haryana,Ambala,2023,10.0,23.0,81.0,42.0
Haryana,Bahadurgarh,2023,9.0,28.0,149.0,76.0
Haryana,Ballabgarh,2023,11.0,8.0,137.0,65.0
Haryana,Bhiwani,2023,11.0,21.0,126.0,67.0
Haryana,Charkhi Dadri,2023,9.0,14.0,135.0,77.0
Haryana,Dharuhera,2023,7.0,32.0,185.0,80.0
Haryana,Faridabad,2023,15.0,19.0,196.0,86.0
Haryana,Gurgaon,2023,12.0,25.0,176.0,90.0
Haryana,Hissar,2023,14.0,22.0,136.0,66.0
Haryana,Jind,2023,8.0,34.0,103.0,65.0
Haryana,Karnal,2023,22.0,8.0,92.0,50.0
Haryana,Kurukshetra,2023,10.0,21.0,110.0,63.0
Haryana,Mandikhera,2023,19.0,15.0,101.0,22.0
Haryana,Manesar,2023,10.0,20.0,138.0,77.0
Haryana,Narnaul,2023,13.0,25.0,129.0,62.0
Haryana,Palwal,2023,9.0,15.0,89.0,30.0
Haryana,Panipat,2023,11.0,24.0,132.0,42.0
Haryana,Sirsa,2023,13.0,25.0,106.0,43.0
Haryana,Sonipat,2023,17.0,31.0,178.0,64.0
Haryana,Yamuna Nagar,2023,16.0,13.0,129.0,62.0
Himachal Pradesh,Baddi,2023,24.0,18.0,119.0,53.0
Himachal Pradesh,Damtal,2023,2.0,5.0,53.0,23.0
Himachal Pradesh,Dharamshala,2023,2.0,5.0,43.0,22.0
Himachal Pradesh,Kala Amb,2023,4.0,12.0,95.0,49.0
Himachal Pradesh,Manali,2023,2.0,7.0,37.0,12.0
Himachal Pradesh,Nalagarh,2023,2.0,12.0,64.0,25.0
Himachal Pradesh,Parwanoo,2023,2.0,5.0,41.0,11.0
Himachal Pradesh,Poanta Sahib,2023,4.0,12.0,89.0,38.0
Himachal Pradesh,Shimla,2023,2.0,7.0,34.0,14.0
Himachal Pradesh,Sunder Nagar,2023,2.0,5.0,43.0,22.0
Himachal Pradesh,Una,2023,2.0,6.0,65.0,25.0
Himachal Pradesh,Vashisht,2023,2.0,5.0,42.0,23.0
Jammu & Kashmir (UT),Jammu,2023,3.0,16.0,108.0,23.0
Jammu & Kashmir (UT),Srinagar (K),2023,11.0,14.0,90.0,30.0
Jharkhand,Dhanbad,2023,25.0,62.0,148.0,68.0
Jharkhand,Jamshedpur,2023,34.0,43.0,127.0,86.5
Jharkhand,Jorapokhar,2023,23.0,12.0,154.0,86.5
Jharkhand,Ranchi,2023,17.0,35.0,107.0,86.5
Karnataka,Bagalkote,2023,12.0,11.0,47.0,23.0
Karnataka,Bangalore,2023,6.0,21.0,68.0,33.0
Karnataka,Belgaum,2023,15.0,18.0,74.0,28.0
Karnataka,Bidar,2023,17.0,7.0,58.0,26.5
Karnataka,Bijapur / Vijayapura,2023,4.0,16.0,47.0,20.0
Karnataka,Chamarajanagar,2023,3.0,19.0,43.0,18.0
Karnataka,Chikkaballapur,2023,14.0,17.0,64.0,31.0
Karnataka,Chikkamagaluru,2023,4.0,12.0,46.0,18.0
Karnataka,Devanagere,2023,4.0,8.0,72.0,28.0
Karnataka,Gadag,2023,24.0,6.0,54.0,21.0
Karnataka,Gulbarga / Kalaburgi,2023,11.0,11.0,63.0,29.0
Karnataka,Hassan,2023,17.0,13.0,66.0,27.0
Karnataka,Haveri,2023,12.0,17.0,62.0,30.0
Karnataka,Hubli Dharwad,2023,5.0,12.0,82.0,28.0
Karnataka,Kolar,2023,61.0,13.0,82.0,28.0
Karnataka,Koppal,2023,20.0,11.0,49.0,19.0
Karnataka,Madikeri,2023,8.0,4.0,33.0,19.0
Karnataka,Mandya,2023,2.0,14.0,40.0,26.5
Karnataka,Mangalore,2023,16.0,15.0,76.0,33.0
Karnataka,Mysore,2023,4.0,17.0,51.0,22.0
Karnataka,Raichur,2023,34.0,18.0,84.0,19.0
Karnataka,Ramanagara,2023,21.0,22.0,57.0,27.0
Karnataka,Shimaga / Shivamogga,2023,4.0,12.0,44.0,20.0
Karnataka,Tumkuru,2023,6.0,20.0,103.0,37.0
Karnataka,Udupi,2023,26.0,12.0,31.0,26.5
Karnataka,Yadgir,2023,14.0,10.0,61.0,32.0
Kerala,Alappuzha,2023,2.0,5.0,44.0,29.0
Kerala,Eloor,2023,5.0,11.0,64.0,29.0
Kerala,Kannur,2023,7.0,12.0,68.0,35.0
Kerala,Kochi,2023,16.0,9.0,75.0,34.0
Kerala,Kollam,2023,6.0,11.0,73.0,34.0
Kerala,Kottayam,2023,2.0,5.0,51.0,29.0
Kerala,Kozhikode,2023,5.0,6.0,46.0,29.0
Kerala,Mallappuram,2023,2.0,14.0,31.0,24.0
Kerala,Palakkad,2023,2.0,5.0,49.0,29.0
Kerala,Pathanamthitta,2023,2.0,5.0,30.0,29.0
Kerala,Thiruvanantapuram,2023,5.0,10.0,42.0,23.0
Kerala,Thrissur,2023,4.0,10.0,73.0,37.0
Kerala,Wayanad,2023,2.0,5.0,40.0,29.0
Madhya Pradesh,Amlai,2023,12.0,14.0,67.0,24.0
Madhya Pradesh,Bhopal,2023,13.0,22.0,111.0,47.0
Madhya Pradesh,Chindwara,2023,4.0,16.0,74.0,31.0
Madhya Pradesh,Dewas,2023,20.0,15.0,99.0,41.0
Madhya Pradesh,Gwalior,2023,20.0,22.0,139.0,66.0
Madhya Pradesh,Indore,2023,13.0,38.0,107.0,43.0
Madhya Pradesh,Jabalpur,2023,8.0,24.0,103.0,40.0
Madhya Pradesh,Katni,2023,12.0,29.0,127.0,45.0
Madhya Pradesh,Maihar,2023,10.0,11.0,50.0,25.0
Madhya Pradesh,Mandideep,2023,29.0,36.0,122.0,44.0
Madhya Pradesh,Pithampur,2023,12.0,12.0,108.0,42.0
Madhya Pradesh,Ratlam,2023,17.0,32.0,100.0,40.0
Madhya Pradesh,Sagar,2023,5.0,13.0,73.0,29.0
Madhya Pradesh,Satna,2023,5.0,17.0,104.0,27.0
Madhya Pradesh,Singrauli,2023,34.0,56.0,143.0,54.0
Madhya Pradesh,Ujjain,2023,9.0,14.0,92.0,47.0
Maharashtra,Ahmednagar,2023,11.0,31.0,96.0,34.0
Maharashtra,Akola,2023,11.0,15.0,76.0,46.0
Maharashtra,Amravati,2023,12.0,15.0,79.0,38.0
Maharashtra,Aurangabad,2023,14.0,27.0,107.0,51.0
Maharashtra,Badlapur,2023,15.0,38.0,143.0,45.0
Maharashtra,Belapur,2023,3.0,23.0,81.0,30.0
Maharashtra,Bhiwandi,2023,22.0,39.0,81.0,50.0
Maharashtra,Boisar,2023,18.0,15.0,97.0,50.0
Maharashtra,Chandrapur,2023,14.0,22.0,106.0,51.0
Maharashtra,Dhule,2023,10.0,12.0,105.0,48.0
Maharashtra,Dombivali / Kalyan,2023,19.0,42.0,133.0,41.0
Maharashtra,Jalgaon,2023,11.0,21.0,88.0,48.0
Maharashtra,Jalna,2023,7.0,37.0,91.0,38.0
Maharashtra,Kolhapur,2023,9.0,24.0,80.0,30.0
Maharashtra,Latur,2023,7.0,15.0,58.0,35.0
Maharashtra,Mahad,2023,26.0,21.0,76.0,38.0
Maharashtra,Malegao,2023,7.0,11.0,105.0,36.0
Maharashtra,Mira Bhayander,2023,5.0,17.0,97.0,46.0
Maharashtra,Mumbai,2023,18.0,29.0,108.0,47.0
Maharashtra,Nagpur,2023,13.0,31.0,94.0,52.0
Maharashtra,Nanded,2023,16.0,30.0,75.0,34.0
Maharashtra,Nashik,2023,5.0,20.0,68.0,38.0
Maharashtra,Navi Mumbai,2023,19.0,49.0,106.0,59.0
Maharashtra,Parbhani,2023,20.0,17.0,87.0,39.0
Maharashtra,Pimpri Chinchwad,2023,11.0,47.0,93.0,49.0
Maharashtra,Pune,2023,40.0,54.0,99.0,52.0
Maharashtra,Sangli,2023,8.0,30.0,73.0,31.0
Maharashtra,Solapur,2023,22.0,29.0,96.0,37.0
Maharashtra,Tarapur,2023,20.0,53.0,110.0,45.0
Maharashtra,Thane,2023,21.0,29.0,112.0,34.0
Maharashtra,Ulhas Nagar,2023,17.0,42.0,137.0,59.0
Maharashtra,Vasai virar,2023,7.0,17.0,119.0,44.0
Manipur,Imphal,2023,48.0,10.0,75.0,41.0
Meghalaya,Byraihat,2023,16.0,18.0,100.0,49.0
Meghalaya,Dawki,2023,7.0,11.0,41.0,24.0
Meghalaya,Khlihriat,2023,6.0,11.0,50.0,27.0
Meghalaya,Nongstoin,2023,6.0,11.0,45.0,23.0
Meghalaya,Shillong,2023,18.0,8.0,58.0,31.0
Meghalaya,Tura,2023,3.0,7.0,45.0,21.0
Meghalaya,Umsning,2023,7.0,9.0,90.0,35.0
Mizoram,Aizwal,2023,2.0,4.0,52.0,12.0
Mizoram,Champhai,2023,2.0,5.0,29.0,11.0
Mizoram,Kolasib,2023,2.0,4.0,19.0,8.0
Mizoram,Lawngtlai,2023,2.0,5.0,47.0,11.0
Mizoram,Lunglei,2023,2.0,5.0,12.0,11.0
Mizoram,Mamit,2023,2.0,5.0,36.0,11.0
Mizoram,Siaha,2023,2.0,5.0,32.0,11.0
Mizoram,Serchhip,2023,2.0,5.0,22.0,11.0
Nagaland,Dimapur,2023,2.0,8.0,97.0,33.0
Nagaland,Kohima,2023,27.0,3.0,69.0,33.0
Odisha,Angul,2023,24.0,20.0,142.0,72.0
Odisha,Balasore,2023,7.0,11.0,106.0,61.0
Odisha,Baripada,2023,5.0,6.0,101.0,47.0
Odisha,Bhubaneshwar,2023,4.0,18.0,111.0,46.0
Odisha,Bileipada,2023,18.0,8.0,165.0,63.0
Odisha,Brajrajnagar,2023,21.0,19.0,78.0,34.0
Odisha,Cuttack,2023,7.0,23.0,129.0,55.0
Odisha,Jharsuguda,2023,9.0,14.0,112.0,55.0
Odisha,Keonjhar,2023,6.0,19.0,100.0,55.0
Odisha,Konark,2023,2.0,12.0,64.0,42.5
Odisha,Nayagarh,2023,3.0,27.0,129.0,56.0
Odisha,Paradeep,2023,15.0,11.0,90.0,44.0
Odisha,Puri,2023,2.0,13.0,98.0,26.0
Odisha,Rairangpur,2023,9.0,19.0,99.0,60.0
Odisha,Rourkela,2023,8.0,17.0,127.0,56.0
Odisha,Sambalpur,2023,8.0,25.0,111.0,44.0
Odisha,Suakati,2023,11.0,16.0,112.0,54.0
Odisha,Talcher,2023,25.0,31.0,110.0,54.0
Odisha,Tensa,2023,11.0,36.0,85.0,43.0
Pondicherry (UT),Karaikal,2023,2.0,5.0,40.0,24.0
Pondicherry (UT),Pondicherry,2023,7.0,12.0,50.0,24.0
Punjab,Amritsar,2023,15.0,25.0,117.0,59.0
Punjab,Aspal Khurd (Tapa),2023,6.0,14.0,87.0,51.0
Punjab,Barnala,2023,6.0,15.0,92.0,51.0
Punjab,Batala,2023,7.0,15.0,71.0,51.0
Punjab,Bhatinda,2023,12.0,21.0,124.0,51.0
Punjab,Changal (Sangrur),2023,5.0,13.0,85.0,51.0
Punjab,Dera Baba Nanak,2023,5.0,13.0,55.0,51.0
Punjab,Dera Bassi,2023,7.0,16.0,105.0,51.0
Punjab,Faridkot,2023,6.0,16.0,89.0,51.0
Punjab,Fatehpur (Samana),2023,5.0,13.0,85.0,51.0
Punjab,Fazilka,2023,6.0,16.0,94.0,51.0
Punjab,Mandi Gobindgarh,2023,15.0,26.0,125.0,68.0
Punjab,Gurdaspur,2023,6.0,15.0,81.0,51.0
Punjab,Guru Ki Dhab (Kotkapura),2023,6.0,14.0,79.0,51.0
Punjab,Jaito Sarja (Batala),2023,7.0,14.0,68.0,51.0
Punjab,Jalandhar,2023,10.0,21.0,116.0,52.0
Punjab,Khanna,2023,12.0,24.0,98.0,41.0
Punjab,Kharaori (Sirhind),2023,6.0,15.0,86.0,51.0
Punjab,Kotladoom (Ajnala),2023,6.0,16.0,102.0,51.0
Punjab,Ludhiana,2023,11.0,23.0,169.0,61.0
Punjab,Malerkota,2023,6.0,16.0,92.0,51.0
Punjab,Moga,2023,6.0,16.0,88.0,51.0
Punjab,Mohali,2023,6.0,15.0,100.0,51.0
Punjab,Mrar Kalan (Muktsar),2023,5.0,14.0,82.0,51.0
Punjab,Mukandpur (Nawashahar),2023,6.0,15.0,65.0,51.0
Punjab,Mureedke (Batala),2023,6.0,15.0,77.0,51.0
Punjab,Naudhrani (Malerkotla),2023,6.0,14.0,82.0,51.0
Punjab,Naya Nangal,2023,5.0,11.0,60.0,51.0
Punjab,Patiala,2023,8.0,20.0,92.0,43.0
Punjab,Poohli (Bhatinda),2023,6.0,14.0,86.0,51.0
Punjab,Qila Bharian (Sangrur),2023,6.0,14.0,85.0,51.0
Punjab,Rakhra (Patiala),2023,5.0,13.0,85.0,51.0
Punjab,Rohila (Samrala),2023,7.0,16.0,84.0,51.0
Punjab,Rupnagar,2023,5.0,21.0,142.0,50.0
Punjab,SBS nagar,2023,6.0,16.0,92.0,51.0
Punjab,Sirhind,2023,6.0,17.0,93.0,51.0
Punjab,Taran-Tarn,2023,6.0,15.0,92.0,51.0
Punjab,Tirathpur (Amritsar I),2023,7.0,15.0,104.0,51.0
Rajasthan,Ajmer,2023,14.0,23.0,101.0,46.0
Rajasthan,Alwar,2023,15.0,36.0,128.0,42.0
Rajasthan,Banswara,2023,6.0,15.0,110.0,45.0
Rajasthan,Baran,2023,6.0,16.0,111.0,52.0
Rajasthan,Barmer,2023,5.0,10.0,102.0,28.0
Rajasthan,Bharatpur,2023,8.0,32.0,168.0,65.0
Rajasthan,Bhilwara,2023,7.0,20.0,121.0,55.0
Rajasthan,Bhiwadi,2023,14.0,35.0,226.0,77.0
Rajasthan,Bikaner,2023,4.0,26.0,174.0,53.0
Rajasthan,Bundi,2023,3.0,16.0,136.0,46.0
Rajasthan,Chittorgargh,2023,8.0,22.0,114.0,55.0
Rajasthan,Churu,2023,5.0,25.0,116.0,47.0
Rajasthan,Dausa,2023,4.0,34.0,163.0,54.0
Rajasthan,Dholpur,2023,7.0,13.0,127.0,68.0
Rajasthan,Dungarpur,2023,4.0,16.0,99.0,52.0
Rajasthan,Hanumangarh,2023,6.0,20.0,211.0,81.0
Rajasthan,Jaipur,2023,9.0,32.0,143.0,55.0
Rajasthan,Jaisalmer,2023,4.0,20.0,139.0,39.0
Rajasthan,Jalore,2023,5.0,32.0,163.0,56.0
Rajasthan,Jhalawar,2023,5.0,16.0,98.0,40.0
Rajasthan,Jhunjhunu,2023,4.0,23.0,127.0,55.0
Rajasthan,Jodhpur,2023,7.0,25.0,127.0,45.0
Rajasthan,Karauli,2023,7.0,19.0,60.0,31.0
Rajasthan,Kota,2023,9.0,32.0,122.0,60.0
Rajasthan,Nagaur,2023,4.0,17.0,135.0,43.0
Rajasthan,Pali,2023,10.0,22.0,110.0,54.0
Rajasthan,Pratapgarh,2023,3.0,13.0,100.0,36.0
Rajasthan,Rajasmand,2023,3.0,11.0,93.0,38.0
Rajasthan,Sawai Madhopur,2023,9.0,16.0,108.0,45.0
Rajasthan,Sikar,2023,3.0,16.0,147.0,44.0
Rajasthan,Sirohi,2023,5.0,19.0,88.0,30.0
Rajasthan,Sri Ganganagar,2023,3.0,36.0,216.0,69.0
Rajasthan,Tonk,2023,4.0,17.0,170.0,56.0
Rajasthan,Udaipur,2023,8.0,29.0,122.0,48.0
Sikkim,Gangtok,2023,30.0,4.0,34.0,16.0
Sikkim,Mangan,2023,3.0,5.0,41.0,16.0
Sikkim,Singtam,2023,5.0,10.0,63.0,16.0
Tamilnadu,Ariyalura,2023,18.0,27.0,43.0,24.0
Tamilnadu,Chennai,2023,10.0,21.0,63.0,28.0
Tamilnadu,Coimbatore,2023,7.0,11.0,83.0,22.0
Tamilnadu,Cuddalore,2023,15.0,40.0,42.0,21.0
Tamilnadu,Dharmapuri,2023,8.0,22.0,42.0,21.0
Tamilnadu,Gummidipoondi,2023,11.0,10.0,119.0,60.0
Tamilnadu,Hosur,2023,17.0,10.0,77.0,40.0
Tamilnadu,Kanchipuram,2023,10.0,4.0,51.0,25.0
Tamilnadu,Madurai,2023,19.0,24.0,69.0,30.0
Tamilnadu,Mettur,2023,8.0,21.0,43.0,20.0
Tamilnadu,Nagercoil,2023,11.0,15.0,55.0,20.0
Tamilnadu,Ooty,2023,29.0,9.0,55.0,28.0
Tamilnadu,Palkalaiperur,2023,37.0,3.0,37.0,18.0
Tamilnadu,Perambalur,2023,10.0,14.0,34.0,13.0
Tamilnadu,Ramanathapuram,2023,9.0,3.0,43.0,17.0
Tamilnadu,Sivagangai,2023,15.0,19.0,51.0,27.0
Tamilnadu,Theni,2023,12.0,17.0,54.0,23.0
Tamilnadu,Tirupur,2023,19.0,18.0,59.0,22.0
Tamilnadu,Tiruvannamalai,2023,7.0,14.0,51.0,21.0
Tamilnadu,Tiruvarur,2023,14.0,16.0,42.0,16.0
Tamilnadu,Trichy,2023,11.0,15.0,45.0,19.0
Tamilnadu,Tuticorin,2023,9.0,14.0,56.0,16.0
Tamilnadu,Vellore,2023,22.0,10.0,76.0,41.0
Tamilnadu,Villupuram,2023,14.0,16.0,43.0,18.0
Telangana,Choutupal,2023,18.0,36.0,89.0,39.0
Telangana,Hyderabad,2023,8.0,16.0,86.0,38.0
Telangana,Sangareddy,2023,11.0,32.0,84.0,41.0
Tripura,Agartala,2023,28.0,12.0,117.0,76.0
Uttar Pradesh,Allahabad,2023,21.0,17.0,123.0,42.0
Uttar Pradesh,Baghpat,2023,19.0,29.0,160.0,79.0
Uttar Pradesh,Bareilly,2023,21.0,25.0,85.0,35.0
Uttar Pradesh,Bulandshahr,2023,15.0,34.0,132.0,58.0
Uttar Pradesh,Firozabad,2023,12.0,22.0,109.0,39.0
Uttar Pradesh,Gajroula,2023,22.0,23.0,170.0,66.0
Uttar Pradesh,Ghaziabad,2023,14.0,46.0,176.0,72.0
Uttar Pradesh,Gorakhpur,2023,37.0,5.0,115.0,48.0
Uttar Pradesh,Greater Noida,2023,13.0,50.0,228.0,88.0
Uttar Pradesh,Hapur,2023,23.0,27.0,127.0,63.0
Uttar Pradesh,Jhansi,2023,22.0,21.0,99.0,37.0
Uttar Pradesh,Kanpur,2023,13.0,42.0,128.0,49.0
Uttar Pradesh,Khurja,2023,36.0,23.0,118.0,59.0
Uttar Pradesh,Lucknow,2023,10.0,25.0,141.0,56.0
Uttar Pradesh,Mathura,2023,12.0,28.0,168.0,66.0
Uttar Pradesh,Meerut,2023,11.0,32.0,166.0,81.0
Uttar Pradesh,Moradabad,2023,20.0,16.0,111.0,50.0
Uttar Pradesh,Muzaffarnagar,2023,16.0,29.0,159.0,83.0
Uttar Pradesh,Noida,2023,16.0,53.0,183.0,81.0
Uttar Pradesh,Raibareli,2023,6.0,12.0,93.0,66.0
Uttar Pradesh,Unnao,2023,7.0,26.0,118.0,66.0
Uttar Pradesh,Varanasi,2023,22.0,19.0,79.0,27.0
Uttar Pradesh,Vrindavan,2023,28.0,5.0,120.0,34.0
Uttarakhand,Dehradun,2023,5.0,7.0,105.0,48.0
Uttarakhand,Kashipur,2023,6.0,23.0,97.0,40.0
Uttarakhand,Rishikesh,2023,8.0,11.0,77.0,37.0
West Bengal,Amtala,2023,4.0,28.0,83.0,41.0
West Bengal,Asansol+Raniganj,2023,11.0,29.0,115.0,60.0
West Bengal,Baharampur,2023,3.0,19.0,70.0,39.0
West Bengal,Balurghat,2023,3.0,19.0,70.0,42.0
West Bengal,Bankura,2023,2.0,14.0,66.0,41.0
West Bengal,Bansberia (Tribeni),2023,3.0,22.0,75.0,44.0
West Bengal,Barasat,2023,5.0,24.0,79.0,47.0
West Bengal,Bardhaman,2023,3.0,14.0,67.0,40.0
West Bengal,Barrckpore,2023,4.0,23.0,81.0,48.0
West Bengal,Baruipur,2023,4.0,29.0,83.0,40.0
West Bengal,Birpara,2023,3.0,19.0,69.0,41.0
West Bengal,Bolpur,2023,2.0,12.0,63.0,37.0
West Bengal,Chinsura,2023,3.0,21.0,73.0,43.0
West Bengal,Coochbihar,2023,2.0,17.0,66.0,37.0
West Bengal,Dankuni,2023,4.0,23.0,77.0,46.0
West Bengal,Darjeeling,2023,2.0,12.0,52.0,28.0
West Bengal,Durgapur,2023,19.0,28.0,110.0,52.0
West Bengal,English Bazaar/Malda,2023,3.0,20.0,72.0,43.0
West Bengal,Ghatal,2023,3.0,19.0,68.0,40.0
West Bengal,Haldia,2023,13.0,19.0,86.0,37.0
West Bengal,Howrah,2023,8.0,30.0,115.0,58.0
West Bengal,Jaigaon,2023,4.0,22.0,76.0,45.0
West Bengal,Jalpaiguri,2023,3.0,19.0,68.0,40.0
West Bengal,Jhargram,2023,3.0,20.0,73.0,43.0
West Bengal,Kalimpong,2023,2.0,12.0,52.0,28.0
West Bengal,Kalyani,2023,3.0,21.0,73.0,42.0
West Bengal,Kharagpur,2023,6.0,25.0,86.0,52.0
West Bengal,Kolkata,2023,8.0,26.0,94.0,48.0
West Bengal,Krishnanagar,2023,3.0,19.0,69.0,40.0
West Bengal,Madhyamgram,2023,4.0,23.0,75.0,46.0
West Bengal,Makhrapara /Alipurduar,2023,3.0,17.0,65.0,37.0
West Bengal,Medinipur,2023,3.0,22.0,75.0,44.0
West Bengal,Purulia,2023,2.0,12.0,63.0,37.0
West Bengal,Raigunj,2023,3.0,20.0,72.0,40.0
West Bengal,Rampurhat,2023,2.0,13.0,66.0,40.0
West Bengal,Ranaghat,2023,3.0,20.0,72.0,41.0
West Bengal,Rishra,2023,4.0,24.0,80.0,48.0
West Bengal,Sankrail,2023,6.0,33.0,105.0,53.0
West Bengal,Siliguri,2023,7.0,26.0,80.0,40.0
West Bengal,Suri,2023,2.0,13.0,66.0,39.0
West Bengal,Tamluk,2023,4.0,23.0,77.0,46.0
West Bengal,Uluberia,2023,6.0,33.0,102.0,51.0
West Bengal,Uttarpara,2023,3.0,20.0,70.0,40.0
